"Title","Authors","Editors","YearPublished","URL","DateAdded","Access type","Pub ID"

"Calendar of Border Papers: Volume 1, 1560-95","","Bain, Joseph","1894","https://www.british-history.ac.uk/cal-border-papers/vol1","2007-07-18T00:00:00","Premium content, Premium page scans","347"
"Calendar of Border Papers: Volume 2, 1595-1603","","Bain, Joseph","1896","https://www.british-history.ac.uk/cal-border-papers/vol2","2007-07-18T00:00:00","Premium content, Premium page scans","348"
"Calendar of Close Rolls, Edward I: Volume 1, 1272-1279","","Lyte, H C Maxwell","1900","https://www.british-history.ac.uk/cal-close-rolls/edw1/vol1","2008-12-18T00:00:00","Premium content, Premium page scans","1073"
"Calendar of Close Rolls, Edward I: Volume 2, 1279-1288","","Lyte, H C Maxwell","1902","https://www.british-history.ac.uk/cal-close-rolls/edw1/vol2","2009-02-27T00:00:00","Premium content, Premium page scans","1074"
"Calendar of Close Rolls, Edward I: Volume 3, 1288-1296","","Lyte, H C Maxwell","1904","https://www.british-history.ac.uk/cal-close-rolls/edw1/vol3","2008-12-18T00:00:00","Premium content, Premium page scans","1075"
"Calendar of Close Rolls, Edward I: Volume 4, 1296-1302","","Lyte, H C Maxwell","1906","https://www.british-history.ac.uk/cal-close-rolls/edw1/vol4","2008-12-18T00:00:00","Premium content, Premium page scans","1076"
"Calendar of Close Rolls, Edward I: Volume 5, 1302-1307","","Lyte, H C Maxwell","1908","https://www.british-history.ac.uk/cal-close-rolls/edw1/vol5","2008-12-18T00:00:00","Premium content, Premium page scans","1077"
"Calendar of Close Rolls, Edward II: Volume 1, 1307-1313","","Lyte, H C Maxwell","1892","https://www.british-history.ac.uk/cal-close-rolls/edw2/vol1","2008-12-05T00:00:00","Premium content, Premium page scans","1078"
"Calendar of Close Rolls, Edward II: Volume 2, 1313-1318","","Lyte, H C Maxwell","1893","https://www.british-history.ac.uk/cal-close-rolls/edw2/vol2","2008-12-05T00:00:00","Premium content, Premium page scans","1079"
"Calendar of Close Rolls, Edward II: Volume 3, 1318-1323","","Lyte, H C Maxwell","1895","https://www.british-history.ac.uk/cal-close-rolls/edw2/vol3","2008-12-05T00:00:00","Premium content, Premium page scans","1080"
"Calendar of Close Rolls, Edward II: Volume 4, 1323-1327","","Lyte, H C Maxwell","1898","https://www.british-history.ac.uk/cal-close-rolls/edw2/vol4","2008-12-05T00:00:00","Premium content, Premium page scans","1081"
"Calendar of Close Rolls, Edward III: Volume 1, 1327-1330","","Lyte, H C Maxwell","1896","https://www.british-history.ac.uk/cal-close-rolls/edw3/vol1","2008-11-28T00:00:00","Premium content, Premium page scans","1082"
"Calendar of Close Rolls, Edward III: Volume 10, 1354-1360","","Lyte, H C Maxwell","1908","https://www.british-history.ac.uk/cal-close-rolls/edw3/vol10","2009-01-16T00:00:00","Premium content, Premium page scans","1091"
"Calendar of Close Rolls, Edward III: Volume 11, 1360-1364","","Lyte, H C Maxwell","1909","https://www.british-history.ac.uk/cal-close-rolls/edw3/vol11","2009-01-16T00:00:00","Premium content, Premium page scans","1092"
"Calendar of Close Rolls, Edward III: Volume 12, 1364-1369","","Lyte, H C Maxwell","1910","https://www.british-history.ac.uk/cal-close-rolls/edw3/vol12","2009-01-16T00:00:00","Premium content, Premium page scans","1093"
"Calendar of Close Rolls, Edward III: Volume 13, 1369-1374","","Lyte, H C Maxwell","1911","https://www.british-history.ac.uk/cal-close-rolls/edw3/vol13","2009-01-16T00:00:00","Premium content, Premium page scans","1094"
"Calendar of Close Rolls, Edward III: Volume 14, 1374-1377","","Lyte, H C Maxwell","1913","https://www.british-history.ac.uk/cal-close-rolls/edw3/vol14","2009-01-16T00:00:00","Premium content, Premium page scans","1095"
"Calendar of Close Rolls, Edward III: Volume 2, 1330-1333","","Lyte, H C Maxwell","1898","https://www.british-history.ac.uk/cal-close-rolls/edw3/vol2","2008-11-28T00:00:00","Premium content, Premium page scans","1083"
"Calendar of Close Rolls, Edward III: Volume 3, 1333-1337","","Lyte, H C Maxwell","1898","https://www.british-history.ac.uk/cal-close-rolls/edw3/vol3","2008-11-28T00:00:00","Premium content, Premium page scans","1084"
"Calendar of Close Rolls, Edward III: Volume 4, 1337-1339","","Lyte, H C Maxwell","1900","https://www.british-history.ac.uk/cal-close-rolls/edw3/vol4","2008-11-28T00:00:00","Premium content, Premium page scans","1085"
"Calendar of Close Rolls, Edward III: Volume 5, 1339-1341","","Lyte, H C Maxwell","1901","https://www.british-history.ac.uk/cal-close-rolls/edw3/vol5","2008-11-28T00:00:00","Premium content, Premium page scans","1086"
"Calendar of Close Rolls, Edward III: Volume 6, 1341-1343","","Lyte, H C Maxwell","1902","https://www.british-history.ac.uk/cal-close-rolls/edw3/vol6","2008-11-28T00:00:00","Premium content, Premium page scans","1087"
"Calendar of Close Rolls, Edward III: Volume 7, 1343-1346","","Lyte, H C Maxwell","1904","https://www.british-history.ac.uk/cal-close-rolls/edw3/vol7","2008-11-28T00:00:00","Premium content, Premium page scans","1088"
"Calendar of Close Rolls, Edward III: Volume 8, 1346-1349","","Lyte, H C Maxwell","1905","https://www.british-history.ac.uk/cal-close-rolls/edw3/vol8","2008-11-28T00:00:00","Premium content, Premium page scans","1089"
"Calendar of Close Rolls, Edward III: Volume 9, 1349-1354","","Lyte, H C Maxwell","1906","https://www.british-history.ac.uk/cal-close-rolls/edw3/vol9","2008-12-18T00:00:00","Premium content, Premium page scans","1090"
"Calendar of Close Rolls, Edward IV, Edward V, Richard III 1476-1485","","Ledward, K H","1954","https://www.british-history.ac.uk/cal-close-rolls/edw4/1476-85","2009-02-27T00:00:00","Premium content, Premium page scans","1117"
"Calendar of Close Rolls, Edward IV: Volume 1, 1461-1468","","Bird, W H B;Ledward, K H","1949","https://www.british-history.ac.uk/cal-close-rolls/edw4/vol1","2009-02-27T00:00:00","Premium content, Premium page scans","1115"
"Calendar of Close Rolls, Edward IV: Volume 2, 1468-1476","","Bird, W H B;Ledward, K H","1953","https://www.british-history.ac.uk/cal-close-rolls/edw4/vol2","2009-02-27T00:00:00","Premium content, Premium page scans","1116"
"Calendar of Close Rolls, Henry III (Supplementary) 1244-1266","","Morton, Ann","1975","https://www.british-history.ac.uk/cal-close-rolls/hen3/supp/1244-66","2008-11-07T00:00:00","Premium content, Premium page scans","1072"
"Calendar of Close Rolls, Henry III: Volume 1, 1227-1231","","Lyte, H C Maxwell","1902","https://www.british-history.ac.uk/cal-close-rolls/hen3/vol1","2008-11-07T00:00:00","Premium content, Premium page scans","1058"
"Calendar of Close Rolls, Henry III: Volume 10, 1256-1259","","Stamp, A E","1932","https://www.british-history.ac.uk/cal-close-rolls/hen3/vol10","2008-10-31T00:00:00","Premium content, Premium page scans","1067"
"Calendar of Close Rolls, Henry III: Volume 11, 1259-1261","","Stamp, A E","1934","https://www.british-history.ac.uk/cal-close-rolls/hen3/vol11","2008-10-31T00:00:00","Premium content, Premium page scans","1068"
"Calendar of Close Rolls, Henry III: Volume 12, 1261-1264","","Stamp, A E","1936","https://www.british-history.ac.uk/cal-close-rolls/hen3/vol12","2008-10-31T00:00:00","Premium content, Premium page scans","1069"
"Calendar of Close Rolls, Henry III: Volume 13, 1264-1268","","Stamp, A E","1937","https://www.british-history.ac.uk/cal-close-rolls/hen3/vol13","2008-10-31T00:00:00","Premium content, Premium page scans","1070"
"Calendar of Close Rolls, Henry III: Volume 14, 1268-1272","","Stamp, A E","1938","https://www.british-history.ac.uk/cal-close-rolls/hen3/vol14","2008-10-31T00:00:00","Premium content, Premium page scans","1071"
"Calendar of Close Rolls, Henry III: Volume 2, 1231-1234","","Lyte, H C Maxwell","1905","https://www.british-history.ac.uk/cal-close-rolls/hen3/vol2","2008-11-07T00:00:00","Premium content, Premium page scans","1059"
"Calendar of Close Rolls, Henry III: Volume 3, 1234-1237","","Lyte, H C Maxwell","1908","https://www.british-history.ac.uk/cal-close-rolls/hen3/vol3","2008-10-23T00:00:00","Premium content, Premium page scans","1060"
"Calendar of Close Rolls, Henry III: Volume 4, 1237-1242","","Lyte, H C Maxwell","1911","https://www.british-history.ac.uk/cal-close-rolls/hen3/vol4","2008-10-23T00:00:00","Premium content, Premium page scans","1061"
"Calendar of Close Rolls, Henry III: Volume 5, 1242-1247","","Lyte, H C Maxwell","1916","https://www.british-history.ac.uk/cal-close-rolls/hen3/vol5","2008-10-23T00:00:00","Premium content, Premium page scans","1062"
"Calendar of Close Rolls, Henry III: Volume 6, 1247-1251","","Lyte, H C Maxwell","1922","https://www.british-history.ac.uk/cal-close-rolls/hen3/vol6","2008-10-23T00:00:00","Premium content, Premium page scans","1063"
"Calendar of Close Rolls, Henry III: Volume 7, 1251-1253","","Stamp, A E","1927","https://www.british-history.ac.uk/cal-close-rolls/hen3/vol7","2008-10-23T00:00:00","Premium content, Premium page scans","1064"
"Calendar of Close Rolls, Henry III: Volume 8, 1253-1254","","Stamp, A E","1929","https://www.british-history.ac.uk/cal-close-rolls/hen3/vol8","2008-10-23T00:00:00","Premium content, Premium page scans","1065"
"Calendar of Close Rolls, Henry III: Volume 9, 1254-1256","","Stamp, A E","1931","https://www.british-history.ac.uk/cal-close-rolls/hen3/vol9","2008-10-31T00:00:00","Premium content, Premium page scans","1066"
"Calendar of Close Rolls, Henry IV: Volume 1, 1399-1402","","Stamp, A E","1927","https://www.british-history.ac.uk/cal-close-rolls/hen4/vol1","2009-01-30T00:00:00","Premium content, Premium page scans","1102"
"Calendar of Close Rolls, Henry IV: Volume 2, 1402-1405","","Stamp, A E","1929","https://www.british-history.ac.uk/cal-close-rolls/hen4/vol2","2009-01-30T00:00:00","Premium content, Premium page scans","1103"
"Calendar of Close Rolls, Henry IV: Volume 3, 1405-1409","","Stamp, A E","1931","https://www.british-history.ac.uk/cal-close-rolls/hen4/vol3","2009-01-30T00:00:00","Premium content, Premium page scans","1104"
"Calendar of Close Rolls, Henry IV: Volume 4, 1409-1413","","Stamp, A E","1932","https://www.british-history.ac.uk/cal-close-rolls/hen4/vol4","2009-01-30T00:00:00","Premium content, Premium page scans","1105"
"Calendar of Close Rolls, Henry V: Volume 1, 1413-1419","","Stamp, A E","1929","https://www.british-history.ac.uk/cal-close-rolls/hen5/vol1","2009-01-30T00:00:00","Premium content, Premium page scans","1107"
"Calendar of Close Rolls, Henry V: Volume 2, 1419-1422","","Stamp, A E","1932","https://www.british-history.ac.uk/cal-close-rolls/hen5/vol2","2009-01-30T00:00:00","Premium content, Premium page scans","1108"
"Calendar of Close Rolls, Henry VI: Volume 1, 1422-1429","","Stamp, A E","1933","https://www.british-history.ac.uk/cal-close-rolls/hen6/vol1","2009-02-06T00:00:00","Premium content, Premium page scans","1109"
"Calendar of Close Rolls, Henry VI: Volume 2, 1429-1435","","Stamp, A E","1933","https://www.british-history.ac.uk/cal-close-rolls/hen6/vol2","2009-02-06T00:00:00","Premium content, Premium page scans","1110"
"Calendar of Close Rolls, Henry VI: Volume 3, 1435-1441","","Stamp, A E","1937","https://www.british-history.ac.uk/cal-close-rolls/hen6/vol3","2009-02-06T00:00:00","Premium content, Premium page scans","1111"
"Calendar of Close Rolls, Henry VI: Volume 4, 1441-1447","","Stamp, A E","1937","https://www.british-history.ac.uk/cal-close-rolls/hen6/vol4","2009-02-06T00:00:00","Premium content, Premium page scans","1112"
"Calendar of Close Rolls, Henry VI: Volume 5, 1447-1454","","Flower, C T","1947","https://www.british-history.ac.uk/cal-close-rolls/hen6/vol5","2009-02-06T00:00:00","Premium content, Premium page scans","1113"
"Calendar of Close Rolls, Henry VI: Volume 6, 1454-1461","","Flower, C T","1947","https://www.british-history.ac.uk/cal-close-rolls/hen6/vol6","2009-02-06T00:00:00","Premium content, Premium page scans","1114"
"Calendar of Close Rolls, Henry VII: Volume 1, 1485-1500","","Ledward, K H","1955","https://www.british-history.ac.uk/cal-close-rolls/hen7/vol1","2009-02-13T00:00:00","Premium content, Premium page scans","1118"
"Calendar of Close Rolls, Henry VII: Volume 2, 1500-1509","","Latham, R A","1963","https://www.british-history.ac.uk/cal-close-rolls/hen7/vol2","2009-02-13T00:00:00","Premium content, Premium page scans","1119"
"Calendar of Close Rolls, Richard II: Volume 1, 1377-1381","","Lyte, H C Maxwell","1914","https://www.british-history.ac.uk/cal-close-rolls/ric2/vol1","2009-01-23T00:00:00","Premium content, Premium page scans","1096"
"Calendar of Close Rolls, Richard II: Volume 2, 1381-1385","","Lyte, H C Maxwell","1920","https://www.british-history.ac.uk/cal-close-rolls/ric2/vol2","2009-01-23T00:00:00","Premium content, Premium page scans","1097"
"Calendar of Close Rolls, Richard II: Volume 3, 1385-1389","","Lyte, H C Maxwell","1921","https://www.british-history.ac.uk/cal-close-rolls/ric2/vol3","2009-01-23T00:00:00","Premium content, Premium page scans","1098"
"Calendar of Close Rolls, Richard II: Volume 4, 1389-1392","","Lyte, H C Maxwell","1922","https://www.british-history.ac.uk/cal-close-rolls/ric2/vol4","2009-01-23T00:00:00","Premium content, Premium page scans","1099"
"Calendar of Close Rolls, Richard II: Volume 5, 1392-1396","","Lyte, H C Maxwell","1925","https://www.british-history.ac.uk/cal-close-rolls/ric2/vol5","2009-01-23T00:00:00","Premium content, Premium page scans","1100"
"Calendar of Close Rolls, Richard II: Volume 6, 1396-1399","","Stamp, A E","1927","https://www.british-history.ac.uk/cal-close-rolls/ric2/vol6","2009-01-23T00:00:00","Premium content, Premium page scans","1101"
"Calendar of Home Office Papers (George III): 1760-5","","Redington, Joseph","1878","https://www.british-history.ac.uk/home-office-geo3/1760-5","2008-02-08T00:00:00","Premium content, Premium page scans","717"
"Calendar of Home Office Papers (George III): 1766-9","","Redington, Joseph","1879","https://www.british-history.ac.uk/home-office-geo3/1766-9","2008-02-08T00:00:00","Premium content, Premium page scans","718"
"Calendar of Home Office Papers (George III): 1770-2","","Roberts, Richard Arthur","1881","https://www.british-history.ac.uk/home-office-geo3/1770-2","2008-02-15T00:00:00","Premium content, Premium page scans","719"
"Calendar of Home Office Papers (George III): 1773-5","","Roberts, Richard Arthur","1899","https://www.british-history.ac.uk/home-office-geo3/1773-5","2008-02-15T00:00:00","Premium content, Premium page scans","720"
"Calendar of Patent Rolls, Edward I: Volume 1, 1272-1281","","Lyte, H C Maxwell","1901","https://www.british-history.ac.uk/cal-pat-rolls/edw1/vol1","2018-02-20T00:00:00","Premium content, Premium page scans","1508"
"Calendar of Patent Rolls, Edward I: Volume 2, 1281-1292","","Lyte, H C Maxwell","1895","https://www.british-history.ac.uk/cal-pat-rolls/edw1/vol2","2018-02-20T00:00:00","Premium content, Premium page scans","1509"
"Calendar of Patent Rolls, Edward I: Volume 3, 1292-1301","","Lyte, H C Maxwell","1895","https://www.british-history.ac.uk/cal-pat-rolls/edw1/vol3","2018-04-04T00:00:00","Premium content, Premium page scans","1510"
"Calendar of Patent Rolls, Edward I: Volume 4, 1301-1307","","Lyte, H C Maxwell","1898","https://www.british-history.ac.uk/cal-pat-rolls/edw1/vol4","2018-04-04T00:00:00","Premium content, Premium page scans","1511"
"Calendar of Patent Rolls, Edward II: Volume 1, 1307-1313","","Lyte, H C Maxwell","1894","https://www.british-history.ac.uk/series/calendar-of-patent-rolls-edward-ii/vol1","2018-07-16T00:00:00","Premium content, Premium page scans","1513"
"Calendar of Patent Rolls, Edward II: Volume 2, 1313-1317","","Lyte, H C Maxwell","1898","https://www.british-history.ac.uk/series/calendar-of-patent-rolls-edward-ii/vol2","2018-07-23T00:00:00","Premium content, Premium page scans","1514"
"Calendar of Patent Rolls, Edward II: Volume 3, 1317-1321","","Lyte, H C Maxwell","1903","https://www.british-history.ac.uk/series/calendar-of-patent-rolls-edward-ii/vol3","2018-08-09T00:00:00","Premium content, Premium page scans","1515"
"Calendar of Patent Rolls, Edward II: Volume 4, 1321-1324","","Lyte, H C Maxwell","1904","https://www.british-history.ac.uk/series/calendar-of-patent-rolls-edward-ii/vol4","2018-09-07T00:00:00","Premium content, Premium page scans","1517"
"Calendar of Patent Rolls, Edward II: Volume 5, 1324-1327","","Lyte, H C Maxwell","1904","https://www.british-history.ac.uk/series/calendar-of-patent-rolls-edward-ii/vol5","2018-09-07T00:00:00","Premium content, Premium page scans","1518"
"Calendar of Patent Rolls, Edward III, Volume 3, 1334-1338","","","1895","https://www.british-history.ac.uk/series/calendar-of-patent-rolls-edward-iii/vol3","2020-08-21T00:00:00","Premium content, Premium page scans","1532"
"Calendar of Patent Rolls, Edward III, Volume 4, 1338-1340","","","1898","https://www.british-history.ac.uk/series/calendar-of-patent-rolls-edward-iii/vol4","2020-08-27T00:00:00","Premium content, Premium page scans","1533"
"Calendar of Patent Rolls, Edward III, Volume 5, 1340-1343","","","1900","https://www.british-history.ac.uk/series/calendar-of-patent-rolls-edward-iii/vol5","2020-09-04T00:00:00","Premium content, Premium page scans","1534"
"Calendar of Patent Rolls, Edward III: Volume 1, 1327-1330","","","1891","https://www.british-history.ac.uk/series/calendar-of-patent-rolls-edward-iii/vol1","2020-06-12T00:00:00","Premium content, Premium page scans","1529"
"Calendar of Patent Rolls, Edward III: Volume 2, 1330-1334","","","1893","https://www.british-history.ac.uk/series/calendar-of-patent-rolls-edward-iii/vol2","2020-07-21T00:00:00","Premium content, Premium page scans","1531"
"Calendar of Patent Rolls, Henry III: Volume 1, 1216-1225","","Lyte, H C Maxwell","1901","https://www.british-history.ac.uk/cal-pat-rolls/hen3/vol1","2017-07-24T00:00:00","Premium content, Premium page scans","1500"
"Calendar of Patent Rolls, Henry III: Volume 2, 1225-1232","","Lyte, H C Maxwell","1903","https://www.british-history.ac.uk/cal-pat-rolls/hen3/vol2","2017-07-24T00:00:00","Premium content, Premium page scans","1501"
"Calendar of Patent Rolls, Henry III: Volume 3, 1232-1247","","The Deputy Keeper of the Records","1906","https://www.british-history.ac.uk/cal-pat-rolls/hen3/vol3","2017-08-02T00:00:00","Premium content, Premium page scans","1502"
"Calendar of Patent Rolls, Henry III: Volume 4, 1247-1258","","Lyte, H C Maxwell","1908","https://www.british-history.ac.uk/cal-pat-rolls/hen3/vol4","2017-08-02T00:00:00","Premium content, Premium page scans","1503"
"Calendar of Patent Rolls, Henry III: Volume 5, 1258-1266","","Lyte, H C Maxwell","1910","https://www.british-history.ac.uk/cal-pat-rolls/hen3/vol5","2017-12-04T00:00:00","Premium content, Premium page scans","1505"
"Calendar of Patent Rolls, Henry III: Volume 6, 1266-1272","","Lyte, H C Maxwell","1913","https://www.british-history.ac.uk/cal-pat-rolls/hen3/vol6","2017-12-07T00:00:00","Premium content, Premium page scans","1506"
"Calendar of State Papers Domestic: Anne, 1702-3","","Mahaffy, R P","1916","https://www.british-history.ac.uk/cal-state-papers/domestic/anne/1702-3","2007-09-27T00:00:00","Premium content, Premium page scans","698"
"Calendar of State Papers Domestic: Anne, 1703-4","","Mahaffy, R P","1924","https://www.british-history.ac.uk/cal-state-papers/domestic/anne/1703-4","2007-09-27T00:00:00","Premium content, Premium page scans","699"
"Calendar of State Papers Domestic: Charles I, 1625-26","","Bruce, John","1858","https://www.british-history.ac.uk/cal-state-papers/domestic/chas1/1625-6","2007-07-18T00:00:00","Premium content, Premium page scans","472"
"Calendar of State Papers Domestic: Charles I, 1625-49 Addenda","","Hamilton, William Douglas;Lomas, Sophie Crawford","1897","https://www.british-history.ac.uk/cal-state-papers/domestic/chas1/addenda/1625-49","2007-07-18T00:00:00","Premium content, Premium page scans","644"
"Calendar of State Papers Domestic: Charles I, 1627-28","","Bruce, John","1858","https://www.british-history.ac.uk/cal-state-papers/domestic/chas1/1627-8","2007-07-18T00:00:00","Premium content, Premium page scans","473"
"Calendar of State Papers Domestic: Charles I, 1628-29","","Bruce, John","1859","https://www.british-history.ac.uk/cal-state-papers/domestic/chas1/1628-9","2007-07-18T00:00:00","Premium content, Premium page scans","474"
"Calendar of State Papers Domestic: Charles I, 1629-31","","Bruce, John","1860","https://www.british-history.ac.uk/cal-state-papers/domestic/chas1/1629-31","2007-07-18T00:00:00","Premium content, Premium page scans","475"
"Calendar of State Papers Domestic: Charles I, 1631-3","","Bruce, John","1862","https://www.british-history.ac.uk/cal-state-papers/domestic/chas1/1631-3","2007-07-18T00:00:00","Premium content, Premium page scans","476"
"Calendar of State Papers Domestic: Charles I, 1633-4","","Bruce, John","1863","https://www.british-history.ac.uk/cal-state-papers/domestic/chas1/1633-4","2007-07-18T00:00:00","Premium content, Premium page scans","477"
"Calendar of State Papers Domestic: Charles I, 1634-5","","Bruce, John","1864","https://www.british-history.ac.uk/cal-state-papers/domestic/chas1/1634-5","2007-07-18T00:00:00","Premium content, Premium page scans","478"
"Calendar of State Papers Domestic: Charles I, 1635-6","","Bruce, John","1866","https://www.british-history.ac.uk/cal-state-papers/domestic/chas1/1635-6","2007-07-18T00:00:00","Premium content, Premium page scans","492"
"Calendar of State Papers Domestic: Charles I, 1635","","Bruce, John","1865","https://www.british-history.ac.uk/cal-state-papers/domestic/chas1/1635","2007-07-18T00:00:00","Premium content, Premium page scans","491"
"Calendar of State Papers Domestic: Charles I, 1636-7","","Bruce, John","1867","https://www.british-history.ac.uk/cal-state-papers/domestic/chas1/1636-7","2007-07-18T00:00:00","Premium content, Premium page scans","493"
"Calendar of State Papers Domestic: Charles I, 1637-8","","Bruce, John","1869","https://www.british-history.ac.uk/cal-state-papers/domestic/chas1/1637-8","2007-07-18T00:00:00","Premium content, Premium page scans","495"
"Calendar of State Papers Domestic: Charles I, 1637","","Bruce, John","1868","https://www.british-history.ac.uk/cal-state-papers/domestic/chas1/1637","2007-07-18T00:00:00","Premium content, Premium page scans","494"
"Calendar of State Papers Domestic: Charles I, 1638-9","","Bruce, John;Hamilton, William Douglas","1871","https://www.british-history.ac.uk/cal-state-papers/domestic/chas1/1638-9","2007-07-18T00:00:00","Premium content, Premium page scans","496"
"Calendar of State Papers Domestic: Charles I, 1639-40","","Hamilton, Wiliam Douglas","1877","https://www.british-history.ac.uk/cal-state-papers/domestic/chas1/1639-40","2007-07-18T00:00:00","Premium content, Premium page scans","498"
"Calendar of State Papers Domestic: Charles I, 1639","","Hamilton, William Douglas","1873","https://www.british-history.ac.uk/cal-state-papers/domestic/chas1/1639","2007-07-18T00:00:00","Premium content, Premium page scans","497"
"Calendar of State Papers Domestic: Charles I, 1640-1","","Hamilton, William Douglas","1882","https://www.british-history.ac.uk/cal-state-papers/domestic/chas1/1640-1","2007-07-18T00:00:00","Premium content, Premium page scans","500"
"Calendar of State Papers Domestic: Charles I, 1640","","Hamilton, William Douglas","1880","https://www.british-history.ac.uk/cal-state-papers/domestic/chas1/1640","2007-07-18T00:00:00","Premium content, Premium page scans","499"
"Calendar of State Papers Domestic: Charles I, 1641-3","","Hamilton, William Douglas","1887","https://www.british-history.ac.uk/cal-state-papers/domestic/chas1/1641-3","2007-07-18T00:00:00","Premium content, Premium page scans","638"
"Calendar of State Papers Domestic: Charles I, 1644-5","","Hamilton, William Douglas","1890","https://www.british-history.ac.uk/cal-state-papers/domestic/chas1/1644-5","2007-07-18T00:00:00","Premium content, Premium page scans","640"
"Calendar of State Papers Domestic: Charles I, 1644","","Hamilton, William Douglas","1888","https://www.british-history.ac.uk/cal-state-papers/domestic/chas1/1644","2007-07-18T00:00:00","Premium content, Premium page scans","639"
"Calendar of State Papers Domestic: Charles I, 1645-7","","Hamilton, William Douglas","1891","https://www.british-history.ac.uk/cal-state-papers/domestic/chas1/1645-7","2007-07-18T00:00:00","Premium content, Premium page scans","641"
"Calendar of State Papers Domestic: Charles I, 1648-9","","Hamilton, William Douglas","1893","https://www.british-history.ac.uk/cal-state-papers/domestic/chas1/1648-9","2007-07-18T00:00:00","Premium content, Premium page scans","642"
"Calendar of State Papers Domestic: Charles II, 1660-1","","Green, Mary Anne Everett","1860","https://www.british-history.ac.uk/cal-state-papers/domestic/chas2/1660-1","2007-09-06T00:00:00","Premium content, Premium page scans","656"
"Calendar of State Papers Domestic: Charles II, 1661-2","","Green, Mary Anne Everett","1861","https://www.british-history.ac.uk/cal-state-papers/domestic/chas2/1661-2","2007-09-06T00:00:00","Premium content, Premium page scans","657"
"Calendar of State Papers Domestic: Charles II, 1663-4","","Green, Mary Anne Everett","1862","https://www.british-history.ac.uk/cal-state-papers/domestic/chas2/1663-4","2007-09-06T00:00:00","Premium content, Premium page scans","658"
"Calendar of State Papers Domestic: Charles II, 1664-5","","Green, Mary Anne Everett","1863","https://www.british-history.ac.uk/cal-state-papers/domestic/chas2/1664-5","2007-09-06T00:00:00","Premium content, Premium page scans","659"
"Calendar of State Papers Domestic: Charles II, 1665-6","","Green, Mary Anne Everett","1864","https://www.british-history.ac.uk/cal-state-papers/domestic/chas2/1665-6","2007-09-06T00:00:00","Premium content, Premium page scans","660"
"Calendar of State Papers Domestic: Charles II, 1666-7","","Green, Mary Anne Everett","1864","https://www.british-history.ac.uk/cal-state-papers/domestic/chas2/1666-7","2007-09-06T00:00:00","Premium content, Premium page scans","661"
"Calendar of State Papers Domestic: Charles II, 1667-8","","Green, Mary Anne Everett","1893","https://www.british-history.ac.uk/cal-state-papers/domestic/chas2/1667-8","2007-09-06T00:00:00","Premium content, Premium page scans","663"
"Calendar of State Papers Domestic: Charles II, 1667","","Green, Mary Anne Everett","1866","https://www.british-history.ac.uk/cal-state-papers/domestic/chas2/1667","2007-09-06T00:00:00","Premium content, Premium page scans","662"
"Calendar of State Papers Domestic: Charles II, 1668-9","","Green, Mary Anne Everett","1894","https://www.british-history.ac.uk/cal-state-papers/domestic/chas2/1668-9","2007-09-06T00:00:00","Premium content, Premium page scans","664"
"Calendar of State Papers Domestic: Charles II, 1670 With Addenda 1660-70","","Green, Mary Anne Everett","1895","https://www.british-history.ac.uk/cal-state-papers/domestic/chas2/addenda/1660-70","2007-09-06T00:00:00","Premium content, Premium page scans","665"
"Calendar of State Papers Domestic: Charles II, 1671-2","","Daniell, F H Blackburne","1897","https://www.british-history.ac.uk/cal-state-papers/domestic/chas2/1671-2","2007-09-06T00:00:00","Premium content, Premium page scans","667"
"Calendar of State Papers Domestic: Charles II, 1671","","Daniell, F H Blackburne","1895","https://www.british-history.ac.uk/cal-state-papers/domestic/chas2/1671","2007-09-06T00:00:00","Premium content, Premium page scans","666"
"Calendar of State Papers Domestic: Charles II, 1672-3","","Daniell, F H Blackburne","1901","https://www.british-history.ac.uk/cal-state-papers/domestic/chas2/1672-3","2007-09-06T00:00:00","Premium content, Premium page scans","669"
"Calendar of State Papers Domestic: Charles II, 1672","","Daniell, F H Blackburne","1899","https://www.british-history.ac.uk/cal-state-papers/domestic/chas2/1672","2007-09-06T00:00:00","Premium content, Premium page scans","668"
"Calendar of State Papers Domestic: Charles II, 1673-5","","Daniell, F H Blackburne","1904","https://www.british-history.ac.uk/cal-state-papers/domestic/chas2/1673-5","2007-09-06T00:00:00","Premium content, Premium page scans","671"
"Calendar of State Papers Domestic: Charles II, 1673","","Daniell, F H Blackburne","1902","https://www.british-history.ac.uk/cal-state-papers/domestic/chas2/1673","2007-09-06T00:00:00","Premium content, Premium page scans","670"
"Calendar of State Papers Domestic: Charles II, 1675-6","","Daniell, F H Blackburne","1907","https://www.british-history.ac.uk/cal-state-papers/domestic/chas2/1675-6","2007-09-06T00:00:00","Premium content, Premium page scans","672"
"Calendar of State Papers Domestic: Charles II, 1676-7","","Daniell, F H Blackburne","1909","https://www.british-history.ac.uk/cal-state-papers/domestic/chas2/1676-7","2007-09-06T00:00:00","Premium content, Premium page scans","673"
"Calendar of State Papers Domestic: Charles II, 1677-8","","Daniell, F H Blackburne","1911","https://www.british-history.ac.uk/cal-state-papers/domestic/chas2/1677-8","2007-09-06T00:00:00","Premium content, Premium page scans","674"
"Calendar of State Papers Domestic: Charles II, 1678 With Addenda, 1674-9","","Daniell, F H Blackburne","1913","https://www.british-history.ac.uk/cal-state-papers/domestic/chas2/addenda/1674-9","2007-09-06T00:00:00","Premium content, Premium page scans","675"
"Calendar of State Papers Domestic: Charles II, 1679-80","","Daniell, F H Blackburne","1915","https://www.british-history.ac.uk/cal-state-papers/domestic/chas2/1679-80","2007-09-06T00:00:00","Premium content, Premium page scans","676"
"Calendar of State Papers Domestic: Charles II, 1680-1","","Daniell, F H Blackburne","1921","https://www.british-history.ac.uk/cal-state-papers/domestic/chas2/1680-1","2007-09-06T00:00:00","Premium content, Premium page scans","677"
"Calendar of State Papers Domestic: Charles II, 1682","","Daniell, F H Blackburne","1932","https://www.british-history.ac.uk/cal-state-papers/domestic/chas2/1682","2007-09-06T00:00:00","Premium content, Premium page scans","678"
"Calendar of State Papers Domestic: Charles II, 1683 January-June","","Daniell, F H Blackburne","1933","https://www.british-history.ac.uk/cal-state-papers/domestic/chas2/1683-jan-jun","2007-09-06T00:00:00","Premium content, Premium page scans","679"
"Calendar of State Papers Domestic: Charles II, 1683 July-September","","Daniell, F H Blackburne;Bickley, Francis","1934","https://www.british-history.ac.uk/cal-state-papers/domestic/chas2/1683-jul-sep","2007-09-06T00:00:00","Premium content, Premium page scans","680"
"Calendar of State Papers Domestic: Charles II, 1683-4","","Daniell, F H Blackburne;Bickley, Francis","1938","https://www.british-history.ac.uk/cal-state-papers/domestic/chas2/1683-4","2007-09-27T00:00:00","Premium content, Premium page scans","687"
"Calendar of State Papers Domestic: Charles II, 1684-5","","Daniell, F H Blackburne;Bickley, Francis","1938","https://www.british-history.ac.uk/cal-state-papers/domestic/chas2/1684-5","2007-09-27T00:00:00","Premium content, Premium page scans","681"
"Calendar of State Papers Domestic: Charles II, Addenda 1660-1685","","Daniell, F H Blackburne;Bickley, Francis","1939","https://www.british-history.ac.uk/cal-state-papers/domestic/chas2/addenda/1660-85","2007-09-27T00:00:00","Premium content, Premium page scans","682"
"Calendar of State Papers Domestic: Edward VI, Mary and Elizabeth, 1547-80","","Lemon, Robert","1856","https://www.british-history.ac.uk/cal-state-papers/domestic/edw-eliz/1547-80","2007-09-20T00:00:00","Premium content, Premium page scans","709"
"Calendar of State Papers Domestic: Elizabeth, 1581-90","","Lemon, Robert","1865","https://www.british-history.ac.uk/cal-state-papers/domestic/edw-eliz/1581-90","2007-09-20T00:00:00","Premium content, Premium page scans","711"
"Calendar of State Papers Domestic: Elizabeth, 1591-94","","Green, Mary Anne Everett","1867","https://www.british-history.ac.uk/cal-state-papers/domestic/edw-eliz/1591-4","2007-09-20T00:00:00","Premium content, Premium page scans","712"
"Calendar of State Papers Domestic: Elizabeth, 1595-97","","Green, Mary Anne Everett","1869","https://www.british-history.ac.uk/cal-state-papers/domestic/edw-eliz/1595-7","2007-09-20T00:00:00","Premium content, Premium page scans","714"
"Calendar of State Papers Domestic: Elizabeth, 1598-1601","","Green, Mary Anne Everett","1869","https://www.british-history.ac.uk/cal-state-papers/domestic/edw-eliz/1598-1601","2007-09-20T00:00:00","Premium content, Premium page scans","713"
"Calendar of State Papers Domestic: Elizabeth, 1601-3 With Addenda 1547-65","","Green, Mary Anne Everett","1870","https://www.british-history.ac.uk/cal-state-papers/domestic/edw-eliz/addenda/1547-65","2007-09-20T00:00:00","Premium content, Premium page scans","715"
"Calendar of State Papers Domestic: Elizabeth, Addenda 1580-1625","","Green, Mary Anne Everett","1872","https://www.british-history.ac.uk/cal-state-papers/domestic/edw-eliz/addenda/1580-1625","2007-09-20T00:00:00","Premium content, Premium page scans","716"
"Calendar of State Papers Domestic: Elizabeth, Addenda, 1566-79","","Green, Mary Anne Everett","1871","https://www.british-history.ac.uk/cal-state-papers/domestic/edw-eliz/addenda/1566-79","2007-09-20T00:00:00","Premium content, Premium page scans","710"
"Calendar of State Papers Domestic: Interregnum, 1649-50","","Green, Mary Anne Everett","1875","https://www.british-history.ac.uk/cal-state-papers/domestic/interregnum/1649-50","2007-08-30T00:00:00","Premium content, Premium page scans","643"
"Calendar of State Papers Domestic: Interregnum, 1650","","Green, Mary Anne Everett","1876","https://www.british-history.ac.uk/cal-state-papers/domestic/interregnum/1650","2007-08-30T00:00:00","Premium content, Premium page scans","645"
"Calendar of State Papers Domestic: Interregnum, 1651-2","","Green, Mary Anne Everett","1877","https://www.british-history.ac.uk/cal-state-papers/domestic/interregnum/1651-2","2007-08-30T00:00:00","Premium content, Premium page scans","647"
"Calendar of State Papers Domestic: Interregnum, 1651","","Green, Mary Anne Everett","1877","https://www.british-history.ac.uk/cal-state-papers/domestic/interregnum/1651","2007-08-30T00:00:00","Premium content, Premium page scans","646"
"Calendar of State Papers Domestic: Interregnum, 1652-3","","Green, Mary Anne Everett","1878","https://www.british-history.ac.uk/cal-state-papers/domestic/interregnum/1652-3","2007-08-30T00:00:00","Premium content, Premium page scans","648"
"Calendar of State Papers Domestic: Interregnum, 1653-4","","Green, Mary Anne Everett","1879","https://www.british-history.ac.uk/cal-state-papers/domestic/interregnum/1653-4","2007-08-30T00:00:00","Premium content, Premium page scans","650"
"Calendar of State Papers Domestic: Interregnum, 1654","","Green, Mary Anne Everett","1880","https://www.british-history.ac.uk/cal-state-papers/domestic/interregnum/1654","2007-08-30T00:00:00","Premium content, Premium page scans","649"
"Calendar of State Papers Domestic: Interregnum, 1655-6","","Green, Mary Anne Everett","1882","https://www.british-history.ac.uk/cal-state-papers/domestic/interregnum/1655-6","2007-08-30T00:00:00","Premium content, Premium page scans","652"
"Calendar of State Papers Domestic: Interregnum, 1655","","Green, Mary Anne Everett","1881","https://www.british-history.ac.uk/cal-state-papers/domestic/interregnum/1655","2007-08-30T00:00:00","Premium content, Premium page scans","651"
"Calendar of State Papers Domestic: Interregnum, 1656-7","","Green, Mary Anne Everett","1883","https://www.british-history.ac.uk/cal-state-papers/domestic/interregnum/1656-7","2007-08-30T00:00:00","Premium content, Premium page scans","653"
"Calendar of State Papers Domestic: Interregnum, 1657-8","","Green, Mary Anne Everett","1884","https://www.british-history.ac.uk/cal-state-papers/domestic/interregnum/1657-8","2007-08-30T00:00:00","Premium content, Premium page scans","654"
"Calendar of State Papers Domestic: Interregnum, 1658-9","","Green, Mary Anne Everett","1885","https://www.british-history.ac.uk/cal-state-papers/domestic/interregnum/1658-9","2009-01-30T00:00:00","Premium content, Premium page scans","1045"
"Calendar of State Papers Domestic: Interregnum, 1659-60","","Green, Mary Anne Everett","1886","https://www.british-history.ac.uk/cal-state-papers/domestic/interregnum/1659-60","2007-08-30T00:00:00","Premium content, Premium page scans","655"
"Calendar of State Papers Domestic: James I, 1611-18","","Green, Mary Anne Everett","1858","https://www.british-history.ac.uk/cal-state-papers/domestic/jas1/1611-18","2007-08-27T00:00:00","Premium content, Premium page scans","467"
"Calendar of State Papers Domestic: James I, 1619-23","","Green, Mary Anne Everett","1858","https://www.british-history.ac.uk/cal-state-papers/domestic/jas1/1619-23","2007-08-27T00:00:00","Premium content, Premium page scans","468"
"Calendar of State Papers Domestic: James I, 1623-25","","Green, Mary Anne Everett","1859","https://www.british-history.ac.uk/cal-state-papers/domestic/jas1/1623-5","2007-08-27T00:00:00","Premium content, Premium page scans","471"
"Calendar of State Papers Domestic: James II, 1685","","Timings, E K","1960","https://www.british-history.ac.uk/cal-state-papers/domestic/jas2/1685","2007-11-02T00:00:00","Premium content, Premium page scans","683"
"Calendar of State Papers Domestic: James II, 1686-7","","Timings, E K","1964","https://www.british-history.ac.uk/cal-state-papers/domestic/jas2/1686-7","2007-11-02T00:00:00","Premium content, Premium page scans","684"
"Calendar of State Papers Domestic: James II, 1687-9","","Timings, E K","1972","https://www.british-history.ac.uk/cal-state-papers/domestic/jas2/1687-9","2007-11-02T00:00:00","Premium content, Premium page scans","685"
"Calendar of State Papers Domestic: William and Mary, 1689-90","","Hardy, William John","1895","https://www.british-history.ac.uk/cal-state-papers/domestic/will-mary/1689-90","2007-09-27T00:00:00","Premium content, Premium page scans","686"
"Calendar of State Papers Domestic: William and Mary, 1690-1","","Hardy, William John","1898","https://www.british-history.ac.uk/cal-state-papers/domestic/will-mary/1690-1","2007-09-27T00:00:00","Premium content, Premium page scans","688"
"Calendar of State Papers Domestic: William and Mary, 1691-2","","Hardy, William John","1900","https://www.british-history.ac.uk/cal-state-papers/domestic/will-mary/1691-2","2007-09-27T00:00:00","Premium content, Premium page scans","689"
"Calendar of State Papers Domestic: William and Mary, 1693","","Hardy, William John","1903","https://www.british-history.ac.uk/cal-state-papers/domestic/will-mary/1693","2007-09-27T00:00:00","Premium content, Premium page scans","690"
"Calendar of State Papers Domestic: William and Mary, 1694-5","","Hardy, William John","1906","https://www.british-history.ac.uk/cal-state-papers/domestic/will-mary/1694-5","2007-09-27T00:00:00","Premium content, Premium page scans","691"
"Calendar of State Papers Domestic: William and Mary, 1695 Addenda 1689-1695","","Hardy, William John","1908","https://www.british-history.ac.uk/cal-state-papers/domestic/will-mary/addenda/1689-95","2007-09-27T00:00:00","Premium content, Premium page scans","692"
"Calendar of State Papers Domestic: William III, 1696","","Hardy, William John","1913","https://www.british-history.ac.uk/cal-state-papers/domestic/will-mary/1696","2007-09-27T00:00:00","Premium content, Premium page scans","693"
"Calendar of State Papers Domestic: William III, 1697","","Hardy, William John","1927","https://www.british-history.ac.uk/cal-state-papers/domestic/will-mary/1697","2007-09-27T00:00:00","Premium content, Premium page scans","694"
"Calendar of State Papers Domestic: William III, 1698","","Bateson, Edward","1933","https://www.british-history.ac.uk/cal-state-papers/domestic/will-mary/1698","2007-09-27T00:00:00","Premium content, Premium page scans","696"
"Calendar of State Papers Domestic: William III, 1699-1700","","Bateson, Edward","1937","https://www.british-history.ac.uk/cal-state-papers/domestic/will-mary/1699-1700","2007-09-27T00:00:00","Premium content, Premium page scans","695"
"Calendar of State Papers Domestic: William III, 1700-2","","Bateson, Edward","1937","https://www.british-history.ac.uk/cal-state-papers/domestic/will-mary/1700-2","2007-09-27T00:00:00","Premium content, Premium page scans","697"
"Calendar of State Papers, Ireland, 1586-1588","","Hamilton, Hans Claude","1877","https://www.british-history.ac.uk/cal-state-papers/ireland/1576-88","2007-09-27T00:00:00","Premium content, Premium page scans","386"
"Calendar of State Papers, Ireland, 1588-1592","","Hamilton, Hans Claude","1885","https://www.british-history.ac.uk/cal-state-papers/ireland/1588-92","2007-09-27T00:00:00","Premium content, Premium page scans","387"
"Calendar of State Papers, Ireland, 1592-1596","","Hamilton, Hans Claude","1890","https://www.british-history.ac.uk/cal-state-papers/ireland/1592-6","2007-09-27T00:00:00","Premium content, Premium page scans","388"
"Calendar of State Papers, Ireland, 1596-1597","","Atkinson, Ernest George","1893","https://www.british-history.ac.uk/cal-state-papers/ireland/1596-7","2007-09-27T00:00:00","Premium content, Premium page scans","389"
"Calendar of State Papers, Ireland, 1598-1599","","Atkinson, Ernest George","1895","https://www.british-history.ac.uk/cal-state-papers/ireland/1598-9","2007-09-27T00:00:00","Premium content, Premium page scans","390"
"Calendar of State Papers, Ireland, 1599-1600","","Atkinson, Ernest George","1899","https://www.british-history.ac.uk/cal-state-papers/ireland/1599-1600","2007-09-27T00:00:00","Premium content, Premium page scans","391"
"Calendar of State Papers, Ireland, 1600-1601","","Atkinson, Ernest George","1905","https://www.british-history.ac.uk/cal-state-papers/ireland/1600-1","2007-09-27T00:00:00","Premium content, Premium page scans","393"
"Calendar of State Papers, Ireland, 1600","","Atkinson, Ernest George","1903","https://www.british-history.ac.uk/cal-state-papers/ireland/1600","2007-09-27T00:00:00","Premium content, Premium page scans","392"
"Calendar of State Papers, Ireland, 1601-1603, with Addenda","","Mahaffy, Robert Pentland","1912","https://www.british-history.ac.uk/cal-state-papers/ireland/1601-3","2016-07-12T00:00:00","Premium content","1489"
"Calendar of State Papers, Ireland, 1603-1606 ","","Russell, C W;Prendergast, John P","1872","https://www.british-history.ac.uk/cal-state-papers/ireland/1603-6","2016-07-19T00:00:00","Premium content","1490"
"Calendar of State Papers, Ireland, 1606-1608","","Russell, C W;Prendergast, John P","1874","https://www.british-history.ac.uk/cal-state-papers/ireland/1606-8","2016-07-21T00:00:00","Premium content, Premium page scans","1491"
"Calendar of State Papers, Ireland, 1608-1610","","Russell, C W;Prendergast, John P","1874","https://www.british-history.ac.uk/cal-state-papers/ireland/1608-10","2016-07-21T00:00:00","Premium content, Premium page scans","1492"
"Calendar of State Papers, Ireland, 1611-1614","","Russell, C W;Prendergast, John P","1877","https://www.british-history.ac.uk/cal-state-papers/ireland/1611-14","2016-07-25T00:00:00","Premium content, Premium page scans","1493"
"Calendar of State Papers, Scotland: Volume 1, 1547-63","","Bain, Joseph","1898","https://www.british-history.ac.uk/cal-state-papers/scotland/vol1","2007-07-19T00:00:00","Premium content, Premium page scans","317"
"Calendar of State Papers, Scotland: Volume 2, 1563-69","","Bain, Joseph","1900","https://www.british-history.ac.uk/cal-state-papers/scotland/vol2","2007-07-19T00:00:00","Premium content, Premium page scans","318"
"Calendar of State Papers, Scotland: Volume 3, 1569-71","","Boyd, William K","1903","https://www.british-history.ac.uk/cal-state-papers/scotland/vol3","2007-07-19T00:00:00","Premium content, Premium page scans","319"
"Calendar of State Papers, Scotland: Volume 4, 1571-74","","Boyd, William K","1905","https://www.british-history.ac.uk/cal-state-papers/scotland/vol4","2007-07-19T00:00:00","Premium content, Premium page scans","320"
"Calendar of State Papers, Scotland: Volume 5, 1574-81","","Boyd, William K","1907","https://www.british-history.ac.uk/cal-state-papers/scotland/vol5","2007-07-19T00:00:00","Premium content, Premium page scans","321"
"Calendar of State Papers, Scotland: Volume 6, 1581-83","","Boyd, William K","1910","https://www.british-history.ac.uk/cal-state-papers/scotland/vol6","2007-07-19T00:00:00","Premium content, Premium page scans","333"
"Calendar of State Papers, Scotland: Volume 7, 1584-85","","Boyd, William K","1913","https://www.british-history.ac.uk/cal-state-papers/scotland/vol7","2007-07-19T00:00:00","Premium content, Premium page scans","334"
"Calendar of State Papers, Scotland: Volume 8, 1585-86","","Boyd, William K","1914","https://www.british-history.ac.uk/cal-state-papers/scotland/vol8","2007-07-19T00:00:00","Premium content, Premium page scans","335"
"Calendar of State Papers, Scotland: Volume 9, 1586-88","","Boyd, William K","1915","https://www.british-history.ac.uk/cal-state-papers/scotland/vol9","2007-07-19T00:00:00","Premium content, Premium page scans","336"
"Calendar, Committee For Compounding: Part 1","","Green, Mary Anne Everett","1889","https://www.british-history.ac.uk/compounding-committee/pt1","2008-01-11T00:00:00","Premium content, Premium page scans","703"
"Calendar, Committee For Compounding: Part 2","","Green, Mary Anne Everett","1890","https://www.british-history.ac.uk/compounding-committee/pt2","2008-01-11T00:00:00","Premium content, Premium page scans","704"
"Calendar, Committee For Compounding: Part 3","","Green, Mary Anne Everett","1891","https://www.british-history.ac.uk/compounding-committee/pt3","2008-01-11T00:00:00","Premium content, Premium page scans","705"
"Calendar, Committee For Compounding: Part 4","","Green, Mary Anne Everett","1892","https://www.british-history.ac.uk/compounding-committee/pt4","2008-01-11T00:00:00","Premium content, Premium page scans","706"
"Calendar, Committee For Compounding: Part 5","","Green, Mary Anne Everett","1892","https://www.british-history.ac.uk/compounding-committee/pt5","2008-01-11T00:00:00","Premium content, Premium page scans","707"
"Calendar, Committee For the Advance of Money: Part 1, 1642-45","","Green, Mary Anne Everett","1888","https://www.british-history.ac.uk/cttee-advance-money/pt1","2007-11-23T00:00:00","Premium content, Premium page scans","700"
"Calendar, Committee For the Advance of Money: Part 2, 1645-50","","Green, Mary Anne Everett","1888","https://www.british-history.ac.uk/cttee-advance-money/pt2","2007-11-23T00:00:00","Premium content, Premium page scans","701"
"Calendar, Committee For the Advance of Money: Part 3, 1650-55","","Green, Mary Anne Everett","1888","https://www.british-history.ac.uk/cttee-advance-money/pt3","2007-11-23T00:00:00","Premium content, Premium page scans","702"
"Parliament Rolls of Medieval England","","Given-Wilson, Chris;Brand, Paul;Phillips, Seymour;Ormrod, Mark;Martin, Geoffrey;Curry, Anne;Horrox, Rosemary","2005","https://www.british-history.ac.uk/no-series/parliament-rolls-medieval","2009-10-08T00:00:00","Premium content","1241"
